{"Pression":1015.23388672,"Temperature":21.2820949554,"Humidite_Relative":70.6475753784}